accuracy,macro_p,macro_r,macro_f1,weighted_f1,f1_c0,f1_c1,f1_c2,recall_c2,model,balanced,label,run
0.9770114942528736,0.9838772338772338,0.9247863247863247,0.9505845367914333,0.9764389835733474,0.9885057471264368,0.9743589743589743,0.8888888888888888,0.8,MLP,False,MLP,0
0.9770114942528736,0.9838772338772338,0.9247863247863247,0.9505845367914333,0.9764389835733474,0.9885057471264368,0.9743589743589743,0.8888888888888888,0.8,MLP,False,MLP,1
0.9770114942528736,0.9838772338772338,0.9247863247863247,0.9505845367914333,0.9764389835733474,0.9885057471264368,0.9743589743589743,0.8888888888888888,0.8,MLP,False,MLP,2
0.9770114942528736,0.9838772338772338,0.9247863247863247,0.9505845367914333,0.9764389835733474,0.9885057471264368,0.9743589743589743,0.8888888888888888,0.8,MLP,False,MLP,3
0.9770114942528736,0.9838772338772338,0.9247863247863247,0.9505845367914333,0.9764389835733474,0.9885057471264368,0.9743589743589743,0.8888888888888888,0.8,MLP,False,MLP,4
0.9770114942528736,0.9838772338772338,0.9247863247863247,0.9505845367914333,0.9764389835733474,0.9885057471264368,0.9743589743589743,0.8888888888888888,0.8,MLP,False,MLP,5
0.9770114942528736,0.9838772338772338,0.9247863247863247,0.9505845367914333,0.9764389835733474,0.9885057471264368,0.9743589743589743,0.8888888888888888,0.8,MLP,False,MLP,6
0.9770114942528736,0.9838772338772338,0.9247863247863247,0.9505845367914333,0.9764389835733474,0.9885057471264368,0.9743589743589743,0.8888888888888888,0.8,MLP,False,MLP,7
0.9770114942528736,0.9838772338772338,0.9247863247863247,0.9505845367914333,0.9764389835733474,0.9885057471264368,0.9743589743589743,0.8888888888888888,0.8,MLP,False,MLP,8
0.9770114942528736,0.9838772338772338,0.9247863247863247,0.9505845367914333,0.9764389835733474,0.9885057471264368,0.9743589743589743,0.8888888888888888,0.8,MLP,False,MLP,9
0.9770114942528736,0.9838772338772338,0.9247863247863247,0.9505845367914333,0.9764389835733474,0.9885057471264368,0.9743589743589743,0.8888888888888888,0.8,MLP,False,MLP,10
0.9770114942528736,0.9838772338772338,0.9247863247863247,0.9505845367914333,0.9764389835733474,0.9885057471264368,0.9743589743589743,0.8888888888888888,0.8,MLP,False,MLP,11
0.9770114942528736,0.9838772338772338,0.9247863247863247,0.9505845367914333,0.9764389835733474,0.9885057471264368,0.9743589743589743,0.8888888888888888,0.8,MLP,False,MLP,12
0.9770114942528736,0.9838772338772338,0.9247863247863247,0.9505845367914333,0.9764389835733474,0.9885057471264368,0.9743589743589743,0.8888888888888888,0.8,MLP,False,MLP,13
0.9770114942528736,0.9838772338772338,0.9247863247863247,0.9505845367914333,0.9764389835733474,0.9885057471264368,0.9743589743589743,0.8888888888888888,0.8,MLP,False,MLP,14
0.9770114942528736,0.9838772338772338,0.9247863247863247,0.9505845367914333,0.9764389835733474,0.9885057471264368,0.9743589743589743,0.8888888888888888,0.8,MLP,False,MLP,15
0.9770114942528736,0.9838772338772338,0.9247863247863247,0.9505845367914333,0.9764389835733474,0.9885057471264368,0.9743589743589743,0.8888888888888888,0.8,MLP,False,MLP,16
0.9770114942528736,0.9838772338772338,0.9247863247863247,0.9505845367914333,0.9764389835733474,0.9885057471264368,0.9743589743589743,0.8888888888888888,0.8,MLP,False,MLP,17
0.9770114942528736,0.9838772338772338,0.9247863247863247,0.9505845367914333,0.9764389835733474,0.9885057471264368,0.9743589743589743,0.8888888888888888,0.8,MLP,False,MLP,18
0.9770114942528736,0.9838772338772338,0.9247863247863247,0.9505845367914333,0.9764389835733474,0.9885057471264368,0.9743589743589743,0.8888888888888888,0.8,MLP,False,MLP,19
0.9770114942528736,0.9838772338772338,0.9247863247863247,0.9505845367914333,0.9764389835733474,0.9885057471264368,0.9743589743589743,0.8888888888888888,0.8,MLP,False,MLP,20
0.9770114942528736,0.9838772338772338,0.9247863247863247,0.9505845367914333,0.9764389835733474,0.9885057471264368,0.9743589743589743,0.8888888888888888,0.8,MLP,False,MLP,21
0.9770114942528736,0.9838772338772338,0.9247863247863247,0.9505845367914333,0.9764389835733474,0.9885057471264368,0.9743589743589743,0.8888888888888888,0.8,MLP,False,MLP,22
0.9770114942528736,0.9838772338772338,0.9247863247863247,0.9505845367914333,0.9764389835733474,0.9885057471264368,0.9743589743589743,0.8888888888888888,0.8,MLP,False,MLP,23
0.9770114942528736,0.9838772338772338,0.9247863247863247,0.9505845367914333,0.9764389835733474,0.9885057471264368,0.9743589743589743,0.8888888888888888,0.8,MLP,False,MLP,24
0.9770114942528736,0.9838772338772338,0.9247863247863247,0.9505845367914333,0.9764389835733474,0.9885057471264368,0.9743589743589743,0.8888888888888888,0.8,MLP,False,MLP,25
0.9770114942528736,0.9838772338772338,0.9247863247863247,0.9505845367914333,0.9764389835733474,0.9885057471264368,0.9743589743589743,0.8888888888888888,0.8,MLP,False,MLP,26
0.9770114942528736,0.9838772338772338,0.9247863247863247,0.9505845367914333,0.9764389835733474,0.9885057471264368,0.9743589743589743,0.8888888888888888,0.8,MLP,False,MLP,27
0.9770114942528736,0.9838772338772338,0.9247863247863247,0.9505845367914333,0.9764389835733474,0.9885057471264368,0.9743589743589743,0.8888888888888888,0.8,MLP,False,MLP,28
0.9770114942528736,0.9838772338772338,0.9247863247863247,0.9505845367914333,0.9764389835733474,0.9885057471264368,0.9743589743589743,0.8888888888888888,0.8,MLP,False,MLP,29
0.9770114942528736,0.9838772338772338,0.9247863247863247,0.9505845367914333,0.9764389835733474,0.9885057471264368,0.9743589743589743,0.8888888888888888,0.8,MLP,True,MLP + balanced,0
0.9885057471264368,0.9924242424242425,0.9914529914529915,0.9918395780464747,0.988497168045325,0.9885057471264368,0.987012987012987,1.0,1.0,MLP,True,MLP + balanced,1
0.9885057471264368,0.9924242424242425,0.9914529914529915,0.9918395780464747,0.988497168045325,0.9885057471264368,0.987012987012987,1.0,1.0,MLP,True,MLP + balanced,2
0.9885057471264368,0.9924242424242425,0.9914529914529915,0.9918395780464747,0.988497168045325,0.9885057471264368,0.987012987012987,1.0,1.0,MLP,True,MLP + balanced,3
0.9885057471264368,0.9924242424242425,0.9914529914529915,0.9918395780464747,0.988497168045325,0.9885057471264368,0.987012987012987,1.0,1.0,MLP,True,MLP + balanced,4
0.9885057471264368,0.9924242424242425,0.9914529914529915,0.9918395780464747,0.988497168045325,0.9885057471264368,0.987012987012987,1.0,1.0,MLP,True,MLP + balanced,5
0.9885057471264368,0.9924242424242425,0.9914529914529915,0.9918395780464747,0.988497168045325,0.9885057471264368,0.987012987012987,1.0,1.0,MLP,True,MLP + balanced,6
0.9885057471264368,0.9924242424242425,0.9914529914529915,0.9918395780464747,0.988497168045325,0.9885057471264368,0.987012987012987,1.0,1.0,MLP,True,MLP + balanced,7
0.9885057471264368,0.9924242424242425,0.9914529914529915,0.9918395780464747,0.988497168045325,0.9885057471264368,0.987012987012987,1.0,1.0,MLP,True,MLP + balanced,8
0.9885057471264368,0.9924242424242425,0.9914529914529915,0.9918395780464747,0.988497168045325,0.9885057471264368,0.987012987012987,1.0,1.0,MLP,True,MLP + balanced,9
0.9885057471264368,0.9924242424242425,0.9914529914529915,0.9918395780464747,0.988497168045325,0.9885057471264368,0.987012987012987,1.0,1.0,MLP,True,MLP + balanced,10
0.9885057471264368,0.9924242424242425,0.9914529914529915,0.9918395780464747,0.988497168045325,0.9885057471264368,0.987012987012987,1.0,1.0,MLP,True,MLP + balanced,11
0.9885057471264368,0.9924242424242425,0.9914529914529915,0.9918395780464747,0.988497168045325,0.9885057471264368,0.987012987012987,1.0,1.0,MLP,True,MLP + balanced,12
0.9885057471264368,0.9924242424242425,0.9914529914529915,0.9918395780464747,0.988497168045325,0.9885057471264368,0.987012987012987,1.0,1.0,MLP,True,MLP + balanced,13
0.9885057471264368,0.9924242424242425,0.9914529914529915,0.9918395780464747,0.988497168045325,0.9885057471264368,0.987012987012987,1.0,1.0,MLP,True,MLP + balanced,14
0.9885057471264368,0.9924242424242425,0.9914529914529915,0.9918395780464747,0.988497168045325,0.9885057471264368,0.987012987012987,1.0,1.0,MLP,True,MLP + balanced,15
0.9885057471264368,0.9924242424242425,0.9914529914529915,0.9918395780464747,0.988497168045325,0.9885057471264368,0.987012987012987,1.0,1.0,MLP,True,MLP + balanced,16
0.9770114942528736,0.9838772338772338,0.9247863247863247,0.9505845367914333,0.9764389835733474,0.9885057471264368,0.9743589743589743,0.8888888888888888,0.8,MLP,True,MLP + balanced,17
0.9885057471264368,0.9924242424242425,0.9914529914529915,0.9918395780464747,0.988497168045325,0.9885057471264368,0.987012987012987,1.0,1.0,MLP,True,MLP + balanced,18
0.9885057471264368,0.9924242424242425,0.9914529914529915,0.9918395780464747,0.988497168045325,0.9885057471264368,0.987012987012987,1.0,1.0,MLP,True,MLP + balanced,19
0.9885057471264368,0.9924242424242425,0.9914529914529915,0.9918395780464747,0.988497168045325,0.9885057471264368,0.987012987012987,1.0,1.0,MLP,True,MLP + balanced,20
0.9885057471264368,0.9924242424242425,0.9914529914529915,0.9918395780464747,0.988497168045325,0.9885057471264368,0.987012987012987,1.0,1.0,MLP,True,MLP + balanced,21
0.9885057471264368,0.9924242424242425,0.9914529914529915,0.9918395780464747,0.988497168045325,0.9885057471264368,0.987012987012987,1.0,1.0,MLP,True,MLP + balanced,22
0.9885057471264368,0.9924242424242425,0.9914529914529915,0.9918395780464747,0.988497168045325,0.9885057471264368,0.987012987012987,1.0,1.0,MLP,True,MLP + balanced,23
0.9885057471264368,0.9924242424242425,0.9914529914529915,0.9918395780464747,0.988497168045325,0.9885057471264368,0.987012987012987,1.0,1.0,MLP,True,MLP + balanced,24
0.9885057471264368,0.9924242424242425,0.9914529914529915,0.9918395780464747,0.988497168045325,0.9885057471264368,0.987012987012987,1.0,1.0,MLP,True,MLP + balanced,25
0.9885057471264368,0.9924242424242425,0.9914529914529915,0.9918395780464747,0.988497168045325,0.9885057471264368,0.987012987012987,1.0,1.0,MLP,True,MLP + balanced,26
0.9885057471264368,0.9924242424242425,0.9914529914529915,0.9918395780464747,0.988497168045325,0.9885057471264368,0.987012987012987,1.0,1.0,MLP,True,MLP + balanced,27
0.9885057471264368,0.9924242424242425,0.9914529914529915,0.9918395780464747,0.988497168045325,0.9885057471264368,0.987012987012987,1.0,1.0,MLP,True,MLP + balanced,28
0.9770114942528736,0.9838772338772338,0.9247863247863247,0.9505845367914333,0.9764389835733474,0.9885057471264368,0.9743589743589743,0.8888888888888888,0.8,MLP,True,MLP + balanced,29
0.9195402298850575,0.9464153732446415,0.768197177499503,0.8131573914706444,0.9140272090002044,0.9523809523809523,0.9156626506024096,0.5714285714285714,0.4,GCN,False,GCN,0
0.9080459770114943,0.8333333333333334,0.7596501689524945,0.7849189058339384,0.9034507800565946,0.9411764705882353,0.9135802469135802,0.5,0.4,GCN,False,GCN,1
0.9195402298850575,0.8419991176655953,0.768197177499503,0.7930700735578785,0.9149278438597193,0.9523809523809523,0.926829268292683,0.5,0.4,GCN,False,GCN,2
0.9195402298850575,0.8419991176655953,0.768197177499503,0.7930700735578785,0.9149278438597193,0.9523809523809523,0.926829268292683,0.5,0.4,GCN,False,GCN,3
0.9080459770114943,0.9376153562200074,0.7596501689524945,0.8050146888023502,0.9025615292374308,0.9411764705882353,0.9024390243902439,0.5714285714285714,0.4,GCN,False,GCN,4
0.896551724137931,0.6053391053391053,0.6348638441661697,0.618946373730215,0.8756486391814723,0.9411764705882353,0.9156626506024096,0.0,0.0,GCN,False,GCN,5
0.9195402298850575,0.9464153732446415,0.768197177499503,0.8131573914706444,0.9140272090002044,0.9523809523809523,0.9156626506024096,0.5714285714285714,0.4,GCN,False,GCN,6
0.9195402298850575,0.8419991176655953,0.768197177499503,0.7930700735578785,0.9149278438597193,0.9523809523809523,0.926829268292683,0.5,0.4,GCN,False,GCN,7
0.9195402298850575,0.8426767676767676,0.7689922480620154,0.7931726907630523,0.9144855283201773,0.9397590361445783,0.9397590361445783,0.5,0.4,GCN,False,GCN,8
0.9195402298850575,0.8419991176655953,0.768197177499503,0.7930700735578785,0.9149278438597193,0.9523809523809523,0.926829268292683,0.5,0.4,GCN,False,GCN,9
0.9310344827586207,0.9527500922849761,0.7759491154839991,0.8210628494866222,0.9247096028705223,0.9534883720930233,0.9382716049382716,0.5714285714285714,0.4,GCN,False,GCN,10
0.9310344827586207,0.8510101010101009,0.7767441860465115,0.8012048192771085,0.9263952361168813,0.963855421686747,0.9397590361445783,0.5,0.4,GCN,False,GCN,11
0.9310344827586207,0.8510101010101009,0.7767441860465115,0.8012048192771085,0.9263952361168813,0.963855421686747,0.9397590361445783,0.5,0.4,GCN,False,GCN,12
0.9195402298850575,0.8419991176655953,0.768197177499503,0.7930700735578785,0.9149278438597193,0.9523809523809523,0.926829268292683,0.5,0.4,GCN,False,GCN,13
0.9195402298850575,0.9464153732446415,0.768197177499503,0.8131573914706444,0.9140272090002044,0.9523809523809523,0.9156626506024096,0.5714285714285714,0.4,GCN,False,GCN,14
0.9195402298850575,0.8419991176655953,0.768197177499503,0.7930700735578785,0.9149278438597193,0.9523809523809523,0.926829268292683,0.5,0.4,GCN,False,GCN,15
0.9080459770114943,0.7797487065779749,0.7015305108328365,0.7179192962325492,0.897606847752257,0.9523809523809523,0.9156626506024096,0.2857142857142857,0.2,GCN,False,GCN,16
0.9310344827586207,0.8497510556500912,0.7767441860465115,0.8012001548586914,0.9258614014711575,0.9523809523809523,0.9512195121951219,0.5,0.4,GCN,False,GCN,17
0.9310344827586207,0.8510101010101009,0.7767441860465115,0.8012048192771085,0.9263952361168813,0.963855421686747,0.9397590361445783,0.5,0.4,GCN,False,GCN,18
0.9310344827586207,0.8510101010101009,0.7767441860465115,0.8012048192771085,0.9263952361168813,0.963855421686747,0.9397590361445783,0.5,0.4,GCN,False,GCN,19
0.9195402298850575,0.8419991176655953,0.768197177499503,0.7930700735578785,0.9149278438597193,0.9523809523809523,0.926829268292683,0.5,0.4,GCN,False,GCN,20
0.8735632183908046,0.9163504968383017,0.6774796263168357,0.7063492063492064,0.861247947454844,0.9047619047619048,0.8809523809523809,0.3333333333333333,0.2,GCN,False,GCN,21
0.9195402298850575,0.8419991176655953,0.768197177499503,0.7930700735578785,0.9149278438597193,0.9523809523809523,0.926829268292683,0.5,0.4,GCN,False,GCN,22
0.9310344827586207,0.8510101010101009,0.7767441860465115,0.8012048192771085,0.9263952361168813,0.963855421686747,0.9397590361445783,0.5,0.4,GCN,False,GCN,23
0.9195402298850575,0.8419991176655953,0.768197177499503,0.7930700735578785,0.9149278438597193,0.9523809523809523,0.926829268292683,0.5,0.4,GCN,False,GCN,24
0.9195402298850575,0.8419991176655953,0.768197177499503,0.7930700735578785,0.9149278438597193,0.9523809523809523,0.926829268292683,0.5,0.4,GCN,False,GCN,25
0.9195402298850575,0.7873244641537324,0.710077519379845,0.7259514247466053,0.9084086757539187,0.9523809523809523,0.9397590361445783,0.2857142857142857,0.2,GCN,False,GCN,26
0.9195402298850575,0.8412698412698413,0.768197177499503,0.7931493585088356,0.9145193198607666,0.9411764705882353,0.9382716049382716,0.5,0.4,GCN,False,GCN,27
0.9195402298850575,0.8419991176655953,0.768197177499503,0.7930700735578785,0.9149278438597193,0.9523809523809523,0.926829268292683,0.5,0.4,GCN,False,GCN,28
0.9310344827586207,0.8510101010101009,0.7767441860465115,0.8012048192771085,0.9263952361168813,0.963855421686747,0.9397590361445783,0.5,0.4,GCN,False,GCN,29
0.9195402298850575,0.8260162601626017,0.8263168356191612,0.8257936507936509,0.9198549534756432,0.9523809523809523,0.925,0.6,0.6,GCN,True,GCN + balanced,0
0.9195402298850575,0.8260162601626017,0.8263168356191612,0.8257936507936509,0.9198549534756432,0.9523809523809523,0.925,0.6,0.6,GCN,True,GCN + balanced,1
0.9195402298850575,0.8260162601626017,0.8263168356191612,0.8257936507936509,0.9198549534756432,0.9523809523809523,0.925,0.6,0.6,GCN,True,GCN + balanced,2
0.9195402298850575,0.8260162601626017,0.8263168356191612,0.8257936507936509,0.9198549534756432,0.9523809523809523,0.925,0.6,0.6,GCN,True,GCN + balanced,3
0.9195402298850575,0.8260162601626017,0.8263168356191612,0.8257936507936509,0.9198549534756432,0.9523809523809523,0.925,0.6,0.6,GCN,True,GCN + balanced,4
0.896551724137931,0.7837398373983739,0.8100178890876566,0.7951394596964217,0.8988522753254311,0.9285714285714286,0.9113924050632911,0.5454545454545454,0.6,GCN,True,GCN + balanced,5
0.9195402298850575,0.8260162601626017,0.8263168356191612,0.8257936507936509,0.9198549534756432,0.9523809523809523,0.925,0.6,0.6,GCN,True,GCN + balanced,6
0.9080459770114943,0.8174603174603176,0.8177698270721527,0.8175229585505087,0.9082171498018675,0.9411764705882353,0.9113924050632911,0.6,0.6,GCN,True,GCN + balanced,7
0.9195402298850575,0.8260162601626017,0.8263168356191612,0.8257936507936509,0.9198549534756432,0.9523809523809523,0.925,0.6,0.6,GCN,True,GCN + balanced,8
0.9195402298850575,0.8260162601626017,0.8263168356191612,0.8257936507936509,0.9198549534756432,0.9523809523809523,0.925,0.6,0.6,GCN,True,GCN + balanced,9
0.9195402298850575,0.8260162601626017,0.8263168356191612,0.8257936507936509,0.9198549534756432,0.9523809523809523,0.925,0.6,0.6,GCN,True,GCN + balanced,10
0.896551724137931,0.7837398373983739,0.8100178890876566,0.7951394596964217,0.8988522753254311,0.9285714285714286,0.9113924050632911,0.5454545454545454,0.6,GCN,True,GCN + balanced,11
0.9310344827586207,0.8767905536198218,0.8348638441661698,0.8524397413286301,0.9296357112449066,0.9523809523809523,0.9382716049382716,0.6666666666666666,0.6,GCN,True,GCN + balanced,12
0.9195402298850575,0.8260162601626017,0.8263168356191612,0.8257936507936509,0.9198549534756432,0.9523809523809523,0.925,0.6,0.6,GCN,True,GCN + balanced,13
0.8735632183908046,0.7678861788617887,0.7937189425561519,0.778705732018985,0.8761582379675442,0.9156626506024096,0.875,0.5454545454545454,0.6,GCN,True,GCN + balanced,14
0.9195402298850575,0.8260162601626017,0.8263168356191612,0.8257936507936509,0.9198549534756432,0.9523809523809523,0.925,0.6,0.6,GCN,True,GCN + balanced,15
0.8850574712643678,0.7753357753357754,0.801470880540648,0.7868458339046575,0.8871965086975229,0.9176470588235294,0.8974358974358975,0.5454545454545454,0.6,GCN,True,GCN + balanced,16
0.9195402298850575,0.8260162601626017,0.8263168356191612,0.8257936507936509,0.9198549534756432,0.9523809523809523,0.925,0.6,0.6,GCN,True,GCN + balanced,17
0.9195402298850575,0.8260162601626017,0.8263168356191612,0.8257936507936509,0.9198549534756432,0.9523809523809523,0.925,0.6,0.6,GCN,True,GCN + balanced,18
0.9195402298850575,0.8260162601626017,0.8263168356191612,0.8257936507936509,0.9198549534756432,0.9523809523809523,0.925,0.6,0.6,GCN,True,GCN + balanced,19
0.896551724137931,0.7837398373983739,0.8100178890876566,0.7951394596964217,0.8988522753254311,0.9285714285714286,0.9113924050632911,0.5454545454545454,0.6,GCN,True,GCN + balanced,20
0.9080459770114943,0.8186507936507937,0.8185648976346651,0.8177797610193861,0.9084973354465116,0.9397590361445783,0.9135802469135802,0.6,0.6,GCN,True,GCN + balanced,21
0.896551724137931,0.7843495934959349,0.8100178890876566,0.7950711938663746,0.8992748423159725,0.9397590361445783,0.9,0.5454545454545454,0.6,GCN,True,GCN + balanced,22
0.9195402298850575,0.8260162601626017,0.8263168356191612,0.8257936507936509,0.9198549534756432,0.9523809523809523,0.925,0.6,0.6,GCN,True,GCN + balanced,23
0.9195402298850575,0.8695736434108526,0.8271119061816736,0.8444183237013093,0.9182679695513198,0.9397590361445783,0.926829268292683,0.6666666666666666,0.6,GCN,True,GCN + balanced,24
0.9195402298850575,0.8260162601626017,0.8263168356191612,0.8257936507936509,0.9198549534756432,0.9523809523809523,0.925,0.6,0.6,GCN,True,GCN + balanced,25
0.9310344827586207,0.834920634920635,0.8348638441661698,0.8340423422083395,0.9314755830473874,0.963855421686747,0.9382716049382716,0.6,0.6,GCN,True,GCN + balanced,26
0.9080459770114943,0.8174603174603176,0.8177698270721527,0.8175229585505087,0.9082171498018675,0.9411764705882353,0.9113924050632911,0.6,0.6,GCN,True,GCN + balanced,27
0.896551724137931,0.7843495934959349,0.8100178890876566,0.7950711938663746,0.8992748423159725,0.9397590361445783,0.9,0.5454545454545454,0.6,GCN,True,GCN + balanced,28
0.9195402298850575,0.8260162601626017,0.8263168356191612,0.8257936507936509,0.9198549534756432,0.9523809523809523,0.925,0.6,0.6,GCN,True,GCN + balanced,29
0.9540229885057471,0.968091168091168,0.8495726495726496,0.891996891996892,0.9514106583072102,0.9772727272727273,0.9487179487179487,0.75,0.6,GRU (no graph),False,GRU (no graph),0
0.9655172413793104,0.9757575757575757,0.8581196581196582,0.9001770211940444,0.9629279823932061,0.9885057471264368,0.9620253164556962,0.75,0.6,GRU (no graph),False,GRU (no graph),1
0.896551724137931,0.6041666666666666,0.6356589147286821,0.615923745444351,0.8720454743191902,0.9512195121951219,0.896551724137931,0.0,0.0,GRU (no graph),False,GRU (no graph),2
0.9540229885057471,0.968091168091168,0.8495726495726496,0.891996891996892,0.9514106583072102,0.9772727272727273,0.9487179487179487,0.75,0.6,GRU (no graph),False,GRU (no graph),3
0.9540229885057471,0.968091168091168,0.8495726495726496,0.891996891996892,0.9514106583072102,0.9772727272727273,0.9487179487179487,0.75,0.6,GRU (no graph),False,GRU (no graph),4
0.9540229885057471,0.968091168091168,0.8495726495726496,0.891996891996892,0.9514106583072102,0.9772727272727273,0.9487179487179487,0.75,0.6,GRU (no graph),False,GRU (no graph),5
0.9425287356321839,0.959848484848485,0.8418207115881534,0.8840753673796012,0.9402170913670184,0.9655172413793104,0.9367088607594937,0.75,0.6,GRU (no graph),False,GRU (no graph),6
0.9540229885057471,0.9678578181130648,0.850367720135162,0.8922480620155039,0.9517241379310345,0.9767441860465116,0.95,0.75,0.6,GRU (no graph),False,GRU (no graph),7
0.9770114942528736,0.9851851851851853,0.982905982905983,0.983652312599681,0.9769702469339492,0.9772727272727273,0.9736842105263158,1.0,1.0,GRU (no graph),False,GRU (no graph),8
0.9425287356321839,0.9607170099160945,0.841025641025641,0.8837856899654652,0.9398631524745433,0.9662921348314607,0.935064935064935,0.75,0.6,GRU (no graph),False,GRU (no graph),9
0.9540229885057471,0.968091168091168,0.8495726495726496,0.891996891996892,0.9514106583072102,0.9772727272727273,0.9487179487179487,0.75,0.6,GRU (no graph),False,GRU (no graph),10
0.9425287356321839,0.9607170099160945,0.841025641025641,0.8837856899654652,0.9398631524745433,0.9662921348314607,0.935064935064935,0.75,0.6,GRU (no graph),False,GRU (no graph),11
0.9540229885057471,0.968091168091168,0.8495726495726496,0.891996891996892,0.9514106583072102,0.9772727272727273,0.9487179487179487,0.75,0.6,GRU (no graph),False,GRU (no graph),12
0.9770114942528736,0.9851851851851853,0.982905982905983,0.983652312599681,0.9769702469339492,0.9772727272727273,0.9736842105263158,1.0,1.0,GRU (no graph),False,GRU (no graph),13
0.9540229885057471,0.968091168091168,0.8495726495726496,0.891996891996892,0.9514106583072102,0.9772727272727273,0.9487179487179487,0.75,0.6,GRU (no graph),False,GRU (no graph),14
0.9540229885057471,0.968091168091168,0.8495726495726496,0.891996891996892,0.9514106583072102,0.9772727272727273,0.9487179487179487,0.75,0.6,GRU (no graph),False,GRU (no graph),15
0.9540229885057471,0.968091168091168,0.8495726495726496,0.891996891996892,0.9514106583072102,0.9772727272727273,0.9487179487179487,0.75,0.6,GRU (no graph),False,GRU (no graph),16
0.9540229885057471,0.968091168091168,0.8495726495726496,0.891996891996892,0.9514106583072102,0.9772727272727273,0.9487179487179487,0.75,0.6,GRU (no graph),False,GRU (no graph),17
0.9540229885057471,0.968091168091168,0.8495726495726496,0.891996891996892,0.9514106583072102,0.9772727272727273,0.9487179487179487,0.75,0.6,GRU (no graph),False,GRU (no graph),18
0.9425287356321839,0.9607170099160945,0.841025641025641,0.8837856899654652,0.9398631524745433,0.9662921348314607,0.935064935064935,0.75,0.6,GRU (no graph),False,GRU (no graph),19
0.9540229885057471,0.968091168091168,0.8495726495726496,0.891996891996892,0.9514106583072102,0.9772727272727273,0.9487179487179487,0.75,0.6,GRU (no graph),False,GRU (no graph),20
0.9540229885057471,0.968091168091168,0.8495726495726496,0.891996891996892,0.9514106583072102,0.9772727272727273,0.9487179487179487,0.75,0.6,GRU (no graph),False,GRU (no graph),21
0.9540229885057471,0.968091168091168,0.8495726495726496,0.891996891996892,0.9514106583072102,0.9772727272727273,0.9487179487179487,0.75,0.6,GRU (no graph),False,GRU (no graph),22
0.9540229885057471,0.9678578181130648,0.850367720135162,0.8922480620155039,0.9517241379310345,0.9767441860465116,0.95,0.75,0.6,GRU (no graph),False,GRU (no graph),23
0.9540229885057471,0.968091168091168,0.8495726495726496,0.891996891996892,0.9514106583072102,0.9772727272727273,0.9487179487179487,0.75,0.6,GRU (no graph),False,GRU (no graph),24
0.9655172413793104,0.9764132553606238,0.9162393162393162,0.9424001924001923,0.9649159907780598,0.9772727272727273,0.961038961038961,0.8888888888888888,0.8,GRU (no graph),False,GRU (no graph),25
0.9655172413793104,0.9755813953488373,0.9170343868018286,0.9425527971303657,0.9650969170829493,0.9767441860465116,0.9620253164556962,0.8888888888888888,0.8,GRU (no graph),False,GRU (no graph),26
0.9655172413793104,0.9757575757575757,0.8581196581196582,0.9001770211940444,0.9629279823932061,0.9885057471264368,0.9620253164556962,0.75,0.6,GRU (no graph),False,GRU (no graph),27
0.9080459770114943,0.6050035236081748,0.6418207115881535,0.6226520885898514,0.8817513026497684,0.9655172413793104,0.9024390243902439,0.0,0.0,GRU (no graph),False,GRU (no graph),28
0.9540229885057471,0.968091168091168,0.8495726495726496,0.891996891996892,0.9514106583072102,0.9772727272727273,0.9487179487179487,0.75,0.6,GRU (no graph),False,GRU (no graph),29
0.9655172413793104,0.9764132553606238,0.9162393162393162,0.9424001924001923,0.9649159907780598,0.9772727272727273,0.961038961038961,0.8888888888888888,0.8,GRU (no graph),True,GRU (no graph) + balanced,0
0.9540229885057471,0.968091168091168,0.8495726495726496,0.891996891996892,0.9514106583072102,0.9772727272727273,0.9487179487179487,0.75,0.6,GRU (no graph),True,GRU (no graph) + balanced,1
0.9655172413793104,0.9764132553606238,0.9162393162393162,0.9424001924001923,0.9649159907780598,0.9772727272727273,0.961038961038961,0.8888888888888888,0.8,GRU (no graph),True,GRU (no graph) + balanced,2
0.9655172413793104,0.9755813953488373,0.9170343868018286,0.9425527971303657,0.9650969170829493,0.9767441860465116,0.9620253164556962,0.8888888888888888,0.8,GRU (no graph),True,GRU (no graph) + balanced,3
0.9655172413793104,0.9764132553606238,0.9162393162393162,0.9424001924001923,0.9649159907780598,0.9772727272727273,0.961038961038961,0.8888888888888888,0.8,GRU (no graph),True,GRU (no graph) + balanced,4
0.9770114942528736,0.9851851851851853,0.982905982905983,0.983652312599681,0.9769702469339492,0.9772727272727273,0.9736842105263158,1.0,1.0,GRU (no graph),True,GRU (no graph) + balanced,5
0.9770114942528736,0.9837010534684953,0.9837010534684953,0.9837010534684953,0.9770114942528736,0.9767441860465116,0.9743589743589743,1.0,1.0,GRU (no graph),True,GRU (no graph) + balanced,6
0.9655172413793104,0.9757575757575757,0.8581196581196582,0.9001770211940444,0.9629279823932061,0.9885057471264368,0.9620253164556962,0.75,0.6,GRU (no graph),True,GRU (no graph) + balanced,7
0.9655172413793104,0.9764132553606238,0.9162393162393162,0.9424001924001923,0.9649159907780598,0.9772727272727273,0.961038961038961,0.8888888888888888,0.8,GRU (no graph),True,GRU (no graph) + balanced,8
0.9655172413793104,0.9764132553606238,0.9162393162393162,0.9424001924001923,0.9649159907780598,0.9772727272727273,0.961038961038961,0.8888888888888888,0.8,GRU (no graph),True,GRU (no graph) + balanced,9
0.9540229885057471,0.968091168091168,0.8495726495726496,0.891996891996892,0.9514106583072102,0.9772727272727273,0.9487179487179487,0.75,0.6,GRU (no graph),True,GRU (no graph) + balanced,10
0.9770114942528736,0.9838772338772338,0.9247863247863247,0.9505845367914333,0.9764389835733474,0.9885057471264368,0.9743589743589743,0.8888888888888888,0.8,GRU (no graph),True,GRU (no graph) + balanced,11
0.9770114942528736,0.9838772338772338,0.9247863247863247,0.9505845367914333,0.9764389835733474,0.9885057471264368,0.9743589743589743,0.8888888888888888,0.8,GRU (no graph),True,GRU (no graph) + balanced,12
0.9770114942528736,0.9838772338772338,0.9247863247863247,0.9505845367914333,0.9764389835733474,0.9885057471264368,0.9743589743589743,0.8888888888888888,0.8,GRU (no graph),True,GRU (no graph) + balanced,13
0.9655172413793104,0.9757575757575757,0.8581196581196582,0.9001770211940444,0.9629279823932061,0.9885057471264368,0.9620253164556962,0.75,0.6,GRU (no graph),True,GRU (no graph) + balanced,14
0.9540229885057471,0.968091168091168,0.8495726495726496,0.891996891996892,0.9514106583072102,0.9772727272727273,0.9487179487179487,0.75,0.6,GRU (no graph),True,GRU (no graph) + balanced,15
0.9655172413793104,0.9764132553606238,0.9162393162393162,0.9424001924001923,0.9649159907780598,0.9772727272727273,0.961038961038961,0.8888888888888888,0.8,GRU (no graph),True,GRU (no graph) + balanced,16
0.9540229885057471,0.968091168091168,0.8495726495726496,0.891996891996892,0.9514106583072102,0.9772727272727273,0.9487179487179487,0.75,0.6,GRU (no graph),True,GRU (no graph) + balanced,17
0.9770114942528736,0.9368686868686869,0.982905982905983,0.9570936222478873,0.9772975388783638,0.9885057471264368,0.9736842105263158,0.9090909090909091,1.0,GRU (no graph),True,GRU (no graph) + balanced,18
0.9655172413793104,0.9757575757575757,0.8581196581196582,0.9001770211940444,0.9629279823932061,0.9885057471264368,0.9620253164556962,0.75,0.6,GRU (no graph),True,GRU (no graph) + balanced,19
0.9770114942528736,0.9838772338772338,0.9247863247863247,0.9505845367914333,0.9764389835733474,0.9885057471264368,0.9743589743589743,0.8888888888888888,0.8,GRU (no graph),True,GRU (no graph) + balanced,20
0.9655172413793104,0.9764132553606238,0.9162393162393162,0.9424001924001923,0.9649159907780598,0.9772727272727273,0.961038961038961,0.8888888888888888,0.8,GRU (no graph),True,GRU (no graph) + balanced,21
0.9540229885057471,0.968091168091168,0.8495726495726496,0.891996891996892,0.9514106583072102,0.9772727272727273,0.9487179487179487,0.75,0.6,GRU (no graph),True,GRU (no graph) + balanced,22
0.9770114942528736,0.9838772338772338,0.9247863247863247,0.9505845367914333,0.9764389835733474,0.9885057471264368,0.9743589743589743,0.8888888888888888,0.8,GRU (no graph),True,GRU (no graph) + balanced,23
0.9540229885057471,0.968091168091168,0.8495726495726496,0.891996891996892,0.9514106583072102,0.9772727272727273,0.9487179487179487,0.75,0.6,GRU (no graph),True,GRU (no graph) + balanced,24
0.9770114942528736,0.983739837398374,0.9255813953488371,0.9507080610021786,0.9765926677184285,0.9882352941176471,0.975,0.8888888888888888,0.8,GRU (no graph),True,GRU (no graph) + balanced,25
0.9655172413793104,0.9764132553606238,0.9162393162393162,0.9424001924001923,0.9649159907780598,0.9772727272727273,0.961038961038961,0.8888888888888888,0.8,GRU (no graph),True,GRU (no graph) + balanced,26
0.9770114942528736,0.9838772338772338,0.9247863247863247,0.9505845367914333,0.9764389835733474,0.9885057471264368,0.9743589743589743,0.8888888888888888,0.8,GRU (no graph),True,GRU (no graph) + balanced,27
0.9770114942528736,0.9837010534684953,0.9837010534684953,0.9837010534684953,0.9770114942528736,0.9767441860465116,0.9743589743589743,1.0,1.0,GRU (no graph),True,GRU (no graph) + balanced,28
0.9770114942528736,0.9837010534684953,0.9837010534684953,0.9837010534684953,0.9770114942528736,0.9767441860465116,0.9743589743589743,1.0,1.0,GRU (no graph),True,GRU (no graph) + balanced,29
0.9425287356321839,0.959848484848485,0.8418207115881534,0.8840753673796012,0.9402170913670184,0.9655172413793104,0.9367088607594937,0.75,0.6,T-GCN,False,T-GCN,0
0.9770114942528736,0.983739837398374,0.8666666666666667,0.9083333333333333,0.974425287356322,1.0,0.975,0.75,0.6,T-GCN,False,T-GCN,1
0.9540229885057471,0.9678578181130648,0.850367720135162,0.8922480620155039,0.9517241379310345,0.9767441860465116,0.95,0.75,0.6,T-GCN,False,T-GCN,2
0.9655172413793104,0.9761904761904763,0.8589147286821706,0.9003994190268699,0.9632146345128089,0.9882352941176471,0.9629629629629629,0.75,0.6,T-GCN,False,T-GCN,3
0.9540229885057471,0.9678578181130648,0.850367720135162,0.8922480620155039,0.9517241379310345,0.9767441860465116,0.95,0.75,0.6,T-GCN,False,T-GCN,4
0.9195402298850575,0.8682983682983684,0.8255217650566489,0.8440907751252579,0.9179548156956004,0.9425287356321839,0.9230769230769231,0.6666666666666666,0.6,T-GCN,False,T-GCN,5
0.9425287356321839,0.9607170099160945,0.841025641025641,0.8837856899654652,0.9398631524745433,0.9662921348314607,0.935064935064935,0.75,0.6,T-GCN,False,T-GCN,6
0.9770114942528736,0.983739837398374,0.8666666666666667,0.9083333333333333,0.974425287356322,1.0,0.975,0.75,0.6,T-GCN,False,T-GCN,7
0.9655172413793104,0.9761904761904763,0.8589147286821706,0.9003994190268699,0.9632146345128089,0.9882352941176471,0.9629629629629629,0.75,0.6,T-GCN,False,T-GCN,8
0.9655172413793104,0.9757575757575757,0.8581196581196582,0.9001770211940444,0.9629279823932061,0.9885057471264368,0.9620253164556962,0.75,0.6,T-GCN,False,T-GCN,9
0.9770114942528736,0.983739837398374,0.8666666666666667,0.9083333333333333,0.974425287356322,1.0,0.975,0.75,0.6,T-GCN,False,T-GCN,10
0.9770114942528736,0.983739837398374,0.8666666666666667,0.9083333333333333,0.974425287356322,1.0,0.975,0.75,0.6,T-GCN,False,T-GCN,11
0.9540229885057471,0.9678578181130648,0.850367720135162,0.8922480620155039,0.9517241379310345,0.9767441860465116,0.95,0.75,0.6,T-GCN,False,T-GCN,12
0.9770114942528736,0.983739837398374,0.8666666666666667,0.9083333333333333,0.974425287356322,1.0,0.975,0.75,0.6,T-GCN,False,T-GCN,13
0.9655172413793104,0.9757575757575757,0.8581196581196582,0.9001770211940444,0.9629279823932061,0.9885057471264368,0.9620253164556962,0.75,0.6,T-GCN,False,T-GCN,14
0.9770114942528736,0.983739837398374,0.8666666666666667,0.9083333333333333,0.974425287356322,1.0,0.975,0.75,0.6,T-GCN,False,T-GCN,15
0.9425287356321839,0.9607170099160945,0.841025641025641,0.8837856899654652,0.9398631524745433,0.9662921348314607,0.935064935064935,0.75,0.6,T-GCN,False,T-GCN,16
0.9655172413793104,0.9757575757575757,0.8581196581196582,0.9001770211940444,0.9629279823932061,0.9885057471264368,0.9620253164556962,0.75,0.6,T-GCN,False,T-GCN,17
0.9425287356321839,0.9607170099160945,0.841025641025641,0.8837856899654652,0.9398631524745433,0.9662921348314607,0.935064935064935,0.75,0.6,T-GCN,False,T-GCN,18
0.9540229885057471,0.968091168091168,0.8495726495726496,0.891996891996892,0.9514106583072102,0.9772727272727273,0.9487179487179487,0.75,0.6,T-GCN,False,T-GCN,19
0.9770114942528736,0.983739837398374,0.8666666666666667,0.9083333333333333,0.974425287356322,1.0,0.975,0.75,0.6,T-GCN,False,T-GCN,20
0.9310344827586207,0.9521367521367522,0.8332737030411449,0.8758741258741258,0.9286833855799373,0.9545454545454546,0.9230769230769231,0.75,0.6,T-GCN,False,T-GCN,21
0.9310344827586207,0.8324979114452798,0.8929835022858278,0.8562940327646209,0.9343039201051372,0.9411764705882353,0.961038961038961,0.6666666666666666,0.8,T-GCN,False,T-GCN,22
0.9310344827586207,0.9536131876557409,0.8324786324786325,0.8755360623781677,0.9282751898904349,0.9555555555555556,0.9210526315789473,0.75,0.6,T-GCN,False,T-GCN,23
0.9770114942528736,0.983739837398374,0.8666666666666667,0.9083333333333333,0.974425287356322,1.0,0.975,0.75,0.6,T-GCN,False,T-GCN,24
0.9425287356321839,0.9607170099160945,0.841025641025641,0.8837856899654652,0.9398631524745433,0.9662921348314607,0.935064935064935,0.75,0.6,T-GCN,False,T-GCN,25
0.9655172413793104,0.9757575757575757,0.8581196581196582,0.9001770211940444,0.9629279823932061,0.9885057471264368,0.9620253164556962,0.75,0.6,T-GCN,False,T-GCN,26
0.9540229885057471,0.968091168091168,0.8495726495726496,0.891996891996892,0.9514106583072102,0.9772727272727273,0.9487179487179487,0.75,0.6,T-GCN,False,T-GCN,27
0.9540229885057471,0.968091168091168,0.8495726495726496,0.891996891996892,0.9514106583072102,0.9772727272727273,0.9487179487179487,0.75,0.6,T-GCN,False,T-GCN,28
0.9655172413793104,0.9761904761904763,0.8589147286821706,0.9003994190268699,0.9632146345128089,0.9882352941176471,0.9629629629629629,0.75,0.6,T-GCN,False,T-GCN,29
0.9655172413793104,0.9761904761904763,0.8589147286821706,0.9003994190268699,0.9632146345128089,0.9882352941176471,0.9629629629629629,0.75,0.6,T-GCN,True,T-GCN + balanced,0
0.8505747126436781,0.7930283224400871,0.8896839594514013,0.8086948512480427,0.8494948436254379,0.8936170212765957,0.8181818181818182,0.7142857142857143,1.0,T-GCN,True,T-GCN + balanced,1
0.9540229885057471,0.9689922480620154,0.8511627906976744,0.8924699961285327,0.9519971431241406,0.9761904761904762,0.9512195121951219,0.75,0.6,T-GCN,True,T-GCN + balanced,2
0.9655172413793104,0.8962148962148963,0.9759491154839992,0.9279609279609279,0.9671592775041052,0.9761904761904762,0.9743589743589743,0.8333333333333334,1.0,T-GCN,True,T-GCN + balanced,3
0.9540229885057471,0.9087301587301587,0.9092824488173324,0.908910399602879,0.9540383940568808,0.9647058823529412,0.9620253164556962,0.8,0.8,T-GCN,True,T-GCN + balanced,4
0.9655172413793104,0.9757575757575757,0.8581196581196582,0.9001770211940444,0.9629279823932061,0.9885057471264368,0.9620253164556962,0.75,0.6,T-GCN,True,T-GCN + balanced,5
0.9310344827586207,0.8769005847953216,0.8332737030411449,0.852092352092352,0.9292680499577051,0.9545454545454546,0.935064935064935,0.6666666666666666,0.6,T-GCN,True,T-GCN + balanced,6
0.9770114942528736,0.983739837398374,0.8666666666666667,0.9083333333333333,0.974425287356322,1.0,0.975,0.75,0.6,T-GCN,True,T-GCN + balanced,7
0.9540229885057471,0.9087301587301587,0.9092824488173324,0.908910399602879,0.9540383940568808,0.9647058823529412,0.9620253164556962,0.8,0.8,T-GCN,True,T-GCN + balanced,8
0.9655172413793104,0.9757575757575757,0.8581196581196582,0.9001770211940444,0.9629279823932061,0.9885057471264368,0.9620253164556962,0.75,0.6,T-GCN,True,T-GCN + balanced,9
0.9655172413793104,0.9755813953488373,0.9170343868018286,0.9425527971303657,0.9650969170829493,0.9767441860465116,0.9620253164556962,0.8888888888888888,0.8,T-GCN,True,T-GCN + balanced,10
0.9540229885057471,0.9678578181130648,0.850367720135162,0.8922480620155039,0.9517241379310345,0.9767441860465116,0.95,0.75,0.6,T-GCN,True,T-GCN + balanced,11
0.9885057471264368,0.9916666666666667,0.9333333333333332,0.9587435536802625,0.9879399259582585,1.0,0.9873417721518988,0.8888888888888888,0.8,T-GCN,True,T-GCN + balanced,12
0.9540229885057471,0.9084873782548201,0.9084873782548201,0.9084873782548201,0.9540229885057471,0.9767441860465116,0.9487179487179487,0.8,0.8,T-GCN,True,T-GCN + balanced,13
0.9655172413793104,0.9170731707317072,0.917829457364341,0.917063492063492,0.9655309250136836,0.9761904761904762,0.975,0.8,0.8,T-GCN,True,T-GCN + balanced,14
0.9195402298850575,0.8001638001638002,0.8247266944941364,0.8106748061376011,0.9214432958409429,0.9655172413793104,0.9210526315789473,0.5454545454545454,0.6,T-GCN,True,T-GCN + balanced,15
0.9425287356321839,0.8400488400488401,0.9007354402703239,0.8638583638583638,0.9460864805692392,0.9761904761904762,0.9487179487179487,0.6666666666666666,0.8,T-GCN,True,T-GCN + balanced,16
0.9655172413793104,0.9761904761904763,0.8589147286821706,0.9003994190268699,0.9632146345128089,0.9882352941176471,0.9629629629629629,0.75,0.6,T-GCN,True,T-GCN + balanced,17
0.9655172413793104,0.9170731707317072,0.917829457364341,0.917063492063492,0.9655309250136836,0.9761904761904762,0.975,0.8,0.8,T-GCN,True,T-GCN + balanced,18
0.9770114942528736,0.9838772338772338,0.9247863247863247,0.9505845367914333,0.9764389835733474,0.9885057471264368,0.9743589743589743,0.8888888888888888,0.8,T-GCN,True,T-GCN + balanced,19
0.9540229885057471,0.8928571428571429,0.8511627906976744,0.8686067019400352,0.9524721766101075,0.9761904761904762,0.9629629629629629,0.6666666666666666,0.6,T-GCN,True,T-GCN + balanced,20
0.9655172413793104,0.9757575757575757,0.8581196581196582,0.9001770211940444,0.9629279823932061,0.9885057471264368,0.9620253164556962,0.75,0.6,T-GCN,True,T-GCN + balanced,21
0.9540229885057471,0.9678578181130648,0.850367720135162,0.8922480620155039,0.9517241379310345,0.9767441860465116,0.95,0.75,0.6,T-GCN,True,T-GCN + balanced,22
0.9770114942528736,0.983739837398374,0.9255813953488371,0.9507080610021786,0.9765926677184285,0.9882352941176471,0.975,0.8888888888888888,0.8,T-GCN,True,T-GCN + balanced,23
0.9540229885057471,0.968091168091168,0.8495726495726496,0.891996891996892,0.9514106583072102,0.9772727272727273,0.9487179487179487,0.75,0.6,T-GCN,True,T-GCN + balanced,24
0.9310344827586207,0.8769005847953216,0.8332737030411449,0.852092352092352,0.9292680499577051,0.9545454545454546,0.935064935064935,0.6666666666666666,0.6,T-GCN,True,T-GCN + balanced,25
0.9540229885057471,0.968091168091168,0.8495726495726496,0.891996891996892,0.9514106583072102,0.9772727272727273,0.9487179487179487,0.75,0.6,T-GCN,True,T-GCN + balanced,26
0.9885057471264368,0.9916666666666667,0.9333333333333332,0.9587435536802625,0.9879399259582585,1.0,0.9873417721518988,0.8888888888888888,0.8,T-GCN,True,T-GCN + balanced,27
0.9770114942528736,0.9361111111111112,0.9844961240310077,0.9575410524777613,0.9773330360410237,0.9761904761904762,0.9873417721518988,0.9090909090909091,1.0,T-GCN,True,T-GCN + balanced,28
0.9425287356321839,0.8856589147286821,0.8434108527131783,0.8605805335161785,0.9411112349594621,0.963855421686747,0.9512195121951219,0.6666666666666666,0.6,T-GCN,True,T-GCN + balanced,29
